model,accuracy,balanced_accuracy,roc_auc,pr_auc,precision_failed,recall_failed,f1_failed,true_negative,false_positive,false_negative,true_positive
Majority-class baseline,0.925003185930929,0.5,0.5,0.07499681406907098,0.0,0.0,0.0,14517,0,1177,0
Logistic Regression,0.36013763221613354,0.6010398028058277,0.6900456962858827,0.1526474365199961,0.09509454645108249,0.8844519966015293,0.17172550313427912,4611,9906,136,1041
L1 Regularized Logistic Regression,0.3579711991844017,0.6018205942477776,0.6917398984192733,0.15360348330406326,0.09516877445182421,0.8887000849617672,0.17192636423405655,4572,9945,131,1046
L2 Regularized Logistic Regression,0.3584809481330445,0.6017057668128697,0.6916027726904308,0.15299483660472699,0.09516437482925053,0.8878504672897196,0.17190327356473104,4581,9936,132,1045
Decision Tree,0.5998470753154072,0.5807113085534323,0.6330650690553582,0.1220878373576095,0.10238429172510519,0.5581988105352591,0.17303134053199895,8757,5760,520,657
Random Forest,0.8136230406524787,0.6123366979176379,0.6988978263494317,0.15922276622528583,0.16793313069908813,0.37553101104502973,0.23208191126279865,12327,2190,735,442
Gradient Boosting,0.6785395692621384,0.6380815706707554,0.6875857438169495,0.15844335332560883,0.13217953594522633,0.5904842820730671,0.216006216006216,9954,4563,482,695
