split,n_rows,n_companies,n_failed_rows,n_alive_rows,failure_rate,company_share,row_share
full,78682,8971,5220,73462,0.06634300094049465,1.0,1.0
train,62988,7176,4043,58945,0.06418682923731504,0.7999108237654665,0.8005388780153021
test,15694,1795,1177,14517,0.07499681406907098,0.20008917623453348,0.1994611219846979
