status_label,count,share
alive,73462,0.9336569990595054
failed,5220,0.06634300094049465
